riesgo,n,prima_total,indemnizacion_total,resultado_total,payout_promedio,tasa_evento_perdida,rendimiento_promedio,monto_asegurado_total,loss_ratio
Alto,274,1060543907.764006,1320206220.990196,-259662313.22619003,0.399285614995729,0.4562043795620438,1.0646350364963504,3355549022.4168177,1.2448388146169715
Bajo,135,579564711.3608094,0.0,579564711.3608094,0.0,0.16296296296296298,1.3145185185185186,1833736242.6929336,0.0
Medio,41,158358213.3800696,0.0,158358213.3800696,0.0,0.12195121951219512,1.2036585365853658,501043609.9901766,0.0
