cluster,n,prima_total,indemnizacion_total,resultado_total,payout_promedio,tasa_evento_perdida,monto_asegurado_total,loss_ratio
0,36,61311623.45069466,35331491.66994676,25980131.780747905,0.2338948021373903,0.5,193989288.54018444,0.5762609058681916
1,162,738031173.7245108,533335674.8441768,204695498.88033393,0.2319439016736931,0.345679012345679,2335122351.2525177,0.722646541002695
2,198,836347731.5520444,568837934.9840354,267509796.56800893,0.2535434565445562,0.26262626262626265,2646194836.880315,0.6801452476333256
3,54,162776303.7776353,182701119.49203697,-19924815.714401666,0.24458387342450544,0.48148148148148145,515022398.42691106,1.122406119637785
