variable,0,1,2,3
balance_hidrico_mm_min_m01_06,-0.05869568811479864,-0.01930215028362112,0.016829100629874964,0.021719313754759734
et_potencial_mm_std,0.0212348363391001,0.10741120045020862,0.04605649558345072,-0.08966542627846485
et_real_mm_std,-0.015601589886803777,-0.06667329812831897,-0.030976525065290337,0.13307484701882166
exceso_hidrico_mm_m02,0.02690955264087313,0.014096745514110297,-0.019840540312992934,-0.0447741187604961
ndvi_mean_m05,-0.0634048441552975,0.04206414458159993,0.03834257308297257,0.036901331982803445
ndvi_mean_min_m01_06,0.03743333319459414,0.028381408901636696,-0.0029204717774012567,0.034500170486137974
precip_max_mm_m07,-0.046406938937337106,-0.007679734824555478,0.04265500624179741,0.028358350310998474
temp_max_max_m04_06,0.00708677675041911,0.04800281067830474,0.04911435173857072,-0.02367223051120323
