Codigo,Departamento,Año,Area_plantada,Area_productiva,Produccion,Rendimiento
17,Caldas,2012,63153.04813010174,39557.13552800089,62517.87113033444,1.5804448501100536
17,Caldas,2013,78518.8113443527,55007.637171934555,99537.67662053826,1.8095246721726737
17,Caldas,2014,80146.23924212279,57755.25494914432,103893.90646694756,1.7988649960671124
17,Caldas,2015,86804.31137813127,62553.21749013477,105878.1111695024,1.6926085566453937
17,Caldas,2016,66399.54342465711,51244.9058658987,102724.75114919484,2.004584639456891
17,Caldas,2017,59267.67,42685.94,96968.58,2.27
17,Caldas,2018,63942.47,48614.98,63660.44,1.309482
17,Caldas,2019,64324.17,49335.9,65637.93,1.330429
